{
    "x": 95.20059526298088,
    "y": -200.60742214842423,
    "theta": 4.715672492980957,
    "speed": 1.1807388249411412,
    "x_command_far": 91.74170370554687,
    "y_command_far": -252.20585666699412,
    "command_far": 4,
    "x_command_near": 95.20769092452079,
    "y_command_near": -205.4818270622945,
    "command_near": 4,
    "should_brake": false,
    "x_target": 91.74170370554687,
    "y_target": -252.20585666699412,
    "target_command": 4
}