{
    "x": 92.7587411071316,
    "y": -250.01042209368927,
    "theta": 4.355299949645996,
    "speed": 11.79349433457964,
    "x_command_far": 49.09941284845903,
    "y_command_far": -275.42697181094877,
    "command_far": 4,
    "x_command_near": 90.74084136821774,
    "y_command_near": -254.2773898729426,
    "command_near": 4,
    "should_brake": false,
    "x_target": 49.09941284845903,
    "y_target": -275.42697181094877,
    "target_command": 4
}