{
    "x": 63.740291041536636,
    "y": -274.8853153160699,
    "theta": 3.2935984134674072,
    "speed": 14.658041704454629,
    "x_command_far": 49.09941284845903,
    "y_command_far": -275.42697181094877,
    "command_far": 4,
    "x_command_near": 59.47920808095164,
    "y_command_near": -275.2496036466445,
    "command_near": 4,
    "should_brake": false,
    "x_target": 49.09941284845903,
    "y_target": -275.42697181094877,
    "target_command": 4
}