{
    "x": 34.232598827579764,
    "y": -275.6263736666893,
    "theta": 3.167788505554199,
    "speed": 14.630525175305364,
    "x_command_far": 11.28737821483189,
    "y_command_far": -275.7092288914116,
    "command_far": 3,
    "x_command_near": 30.09904514980656,
    "y_command_near": -275.5651859224653,
    "command_near": 4,
    "should_brake": false,
    "x_target": 11.28737821483189,
    "y_target": -275.7092288914116,
    "target_command": 3
}