{
    "x": 4.606407132522374,
    "y": -275.9166263526318,
    "theta": 3.1482162475585938,
    "speed": 14.903672687073504,
    "x_command_far": -14.011780909930327,
    "y_command_far": -276.0399173684248,
    "command_far": 4,
    "x_command_near": 0.3224041193738788,
    "y_command_near": -275.908417124105,
    "command_near": 3,
    "should_brake": true,
    "x_target": -14.011780909930327,
    "y_target": -276.0399173684248,
    "target_command": 4
}