{
    "x": -2.7889024139611407,
    "y": -276.0440372414773,
    "theta": 3.1668522357940674,
    "speed": 14.414502989549522,
    "x_command_far": -14.011780909930327,
    "y_command_far": -276.0399173684248,
    "command_far": 4,
    "x_command_near": -7.736335551632341,
    "y_command_near": -276.02999915552067,
    "command_near": 3,
    "should_brake": true,
    "x_target": -14.011780909930327,
    "y_target": -276.0399173684248,
    "target_command": 4
}