{
    "x": -10.074403238818325,
    "y": -276.2023014018493,
    "theta": 3.1550228595733643,
    "speed": 14.787513456365192,
    "x_command_far": -65.70440489278256,
    "y_command_far": -275.52102698685826,
    "command_far": 4,
    "x_command_near": -14.011780909930327,
    "y_command_near": -276.0399173684248,
    "command_near": 4,
    "should_brake": true,
    "x_target": -65.70440489278256,
    "y_target": -275.52102698685826,
    "target_command": 4
}