{
    "x": -24.675381680251903,
    "y": -276.04345740749216,
    "theta": 3.1568942070007324,
    "speed": 14.073278791470335,
    "x_command_far": -65.70440489278256,
    "y_command_far": -275.52102698685826,
    "command_far": 4,
    "x_command_near": -28.704625296836987,
    "y_command_near": -275.89801062995014,
    "command_near": 4,
    "should_brake": false,
    "x_target": -65.70440489278256,
    "y_target": -275.52102698685826,
    "target_command": 4
}