{
    "x": -31.54657565834802,
    "y": -276.02529944848305,
    "theta": 3.101172924041748,
    "speed": 13.725582218226517,
    "x_command_far": -65.70440489278256,
    "y_command_far": -275.52102698685826,
    "command_far": 4,
    "x_command_near": -35.70458648668201,
    "y_command_near": -275.8266910497748,
    "command_near": 4,
    "should_brake": false,
    "x_target": -65.70440489278256,
    "y_target": -275.52102698685826,
    "target_command": 4
}