{
    "x": -45.83860473814298,
    "y": -275.8747257178091,
    "theta": 3.1253795623779297,
    "speed": 14.87301619815047,
    "x_command_far": -65.70440489278256,
    "y_command_far": -275.52102698685826,
    "command_far": 4,
    "x_command_near": -50.70449378023679,
    "y_command_near": -275.67385901831653,
    "command_near": 4,
    "should_brake": false,
    "x_target": -65.70440489278256,
    "y_target": -275.52102698685826,
    "target_command": 4
}