{
    "x": -53.29802345708027,
    "y": -275.77069129383915,
    "theta": 3.144289493560791,
    "speed": 14.866297488446623,
    "x_command_far": -65.70440489278256,
    "y_command_far": -275.52102698685826,
    "command_far": 4,
    "x_command_near": -57.704456876413275,
    "y_command_near": -275.6025394381412,
    "command_near": 4,
    "should_brake": false,
    "x_target": -65.70440489278256,
    "y_target": -275.52102698685826,
    "target_command": 4
}