{
    "x": -68.29081219887942,
    "y": -275.75592078600647,
    "theta": 3.124922752380371,
    "speed": 14.69573355596664,
    "x_command_far": -94.7935254706016,
    "y_command_far": -240.34873995161436,
    "command_far": 4,
    "x_command_near": -72.28682255398661,
    "y_command_near": -275.3139347014197,
    "command_near": 4,
    "should_brake": false,
    "x_target": -94.7935254706016,
    "y_target": -240.34873995161436,
    "target_command": 4
}