{
    "x": -93.13297247645625,
    "y": -253.09895359203955,
    "theta": 1.8567776679992676,
    "speed": 15.110266047760108,
    "x_command_far": -94.7935254706016,
    "y_command_far": -240.34873995161436,
    "command_far": 4,
    "x_command_near": -93.97800489978128,
    "y_command_near": -249.1570285378386,
    "command_near": 4,
    "should_brake": false,
    "x_target": -94.7935254706016,
    "y_target": -240.34873995161436,
    "target_command": 4
}