{
    "x": -94.75798611599873,
    "y": -238.6291812334503,
    "theta": 1.5262869596481323,
    "speed": 14.194411409473297,
    "x_command_far": -94.82930897484918,
    "y_command_far": -211.29798917959684,
    "command_far": 4,
    "x_command_near": -94.80299398325404,
    "y_command_near": -234.2979739521563,
    "command_near": 4,
    "should_brake": false,
    "x_target": -94.82930897484918,
    "y_target": -211.29798917959684,
    "target_command": 4
}