{
    "x": -95.05376844622742,
    "y": -231.48803742488894,
    "theta": 1.6208852529525757,
    "speed": 14.473099932661842,
    "x_command_far": -94.82930897484918,
    "y_command_far": -211.29798917959684,
    "command_far": 4,
    "x_command_near": -94.81100521703586,
    "y_command_near": -227.29798920140456,
    "command_near": 4,
    "should_brake": false,
    "x_target": -94.82930897484918,
    "y_target": -211.29798917959684,
    "target_command": 4
}