{
    "x": -94.76516570674755,
    "y": -224.16281158482667,
    "theta": 1.4918676614761353,
    "speed": 14.877323249216069,
    "x_command_far": -94.82930897484918,
    "y_command_far": -211.29798917959684,
    "command_far": 4,
    "x_command_near": -94.82015328090657,
    "y_command_near": -219.2979891905007,
    "command_near": 4,
    "should_brake": false,
    "x_target": -94.82930897484918,
    "y_target": -211.29798917959684,
    "target_command": 4
}