{
    "x": -94.94814988545166,
    "y": -216.67420989004953,
    "theta": 1.6430422067642212,
    "speed": 15.01311465977548,
    "x_command_far": -94.82930897484918,
    "y_command_far": -211.29798917959684,
    "command_far": 4,
    "x_command_near": -94.82816451468838,
    "y_command_near": -212.29798918095983,
    "command_near": 4,
    "should_brake": false,
    "x_target": -94.82930897484918,
    "y_target": -211.29798917959684,
    "target_command": 4
}