{
    "x": 95.20662276033296,
    "y": -218.59265166512526,
    "theta": 4.7217512130737305,
    "speed": 8.811406976293476,
    "x_command_far": 91.74170370554687,
    "y_command_far": -252.20585666699412,
    "command_far": 4,
    "x_command_near": 95.23480704044333,
    "y_command_near": -223.4818118280391,
    "command_near": 4,
    "should_brake": false,
    "x_target": 91.74170370554687,
    "y_target": -252.20585666699412,
    "target_command": 4
}