{
    "x": 76.97572821343176,
    "y": -269.64090002571874,
    "theta": 3.691718339920044,
    "speed": 13.800110924907202,
    "x_command_far": 49.09941284845903,
    "y_command_far": -275.42697181094877,
    "command_far": 4,
    "x_command_near": 72.83723236738757,
    "y_command_near": -271.67526282146025,
    "command_near": 4,
    "should_brake": false,
    "x_target": 49.09941284845903,
    "y_target": -275.42697181094877,
    "target_command": 4
}