{
    "x": 48.952845444658145,
    "y": -275.616974252614,
    "theta": 3.1625211238861084,
    "speed": 14.887969764990384,
    "x_command_far": 11.28737821483189,
    "y_command_far": -275.7092288914116,
    "command_far": 3,
    "x_command_near": 44.099316589070476,
    "y_command_near": -275.46334876412334,
    "command_near": 4,
    "should_brake": false,
    "x_target": 11.28737821483189,
    "y_target": -275.7092288914116,
    "target_command": 3
}