{
    "x": 41.46938158164062,
    "y": -275.51736487747826,
    "theta": 3.1315739154815674,
    "speed": 14.792395345650561,
    "x_command_far": 11.28737821483189,
    "y_command_far": -275.7092288914116,
    "command_far": 3,
    "x_command_near": 37.099181823395256,
    "y_command_near": -275.5142826020834,
    "command_near": 4,
    "should_brake": true,
    "x_target": 11.28737821483189,
    "y_target": -275.7092288914116,
    "target_command": 3
}