{
    "x": 34.22992078624726,
    "y": -275.61392249479735,
    "theta": 3.168952703475952,
    "speed": 14.5733803472598,
    "x_command_far": 11.28737821483189,
    "y_command_far": -275.7092288914116,
    "command_far": 3,
    "x_command_near": 30.09904514980656,
    "y_command_near": -275.5651859224653,
    "command_near": 4,
    "should_brake": false,
    "x_target": 11.28737821483189,
    "y_target": -275.7092288914116,
    "target_command": 3
}