{
    "x": 12.093608617031608,
    "y": -275.8724674170247,
    "theta": 3.1924686431884766,
    "speed": 14.27544661173295,
    "x_command_far": -14.011780909930327,
    "y_command_far": -276.0399173684248,
    "command_far": 4,
    "x_command_near": 7.3214495613730355,
    "y_command_near": -275.77478064931347,
    "command_near": 3,
    "should_brake": true,
    "x_target": -14.011780909930327,
    "y_target": -276.0399173684248,
    "target_command": 4
}