{
    "x": 4.918306821324998,
    "y": -275.91320838387713,
    "theta": 3.132366895675659,
    "speed": 14.548380610255203,
    "x_command_far": -14.011780909930327,
    "y_command_far": -276.0399173684248,
    "command_far": 4,
    "x_command_near": 0.3224041193738788,
    "y_command_near": -275.908417124105,
    "command_near": 3,
    "should_brake": true,
    "x_target": -14.011780909930327,
    "y_target": -276.0399173684248,
    "target_command": 4
}