{
    "x": -9.760156925594426,
    "y": -276.2038272807576,
    "theta": 3.1607515811920166,
    "speed": 14.045577486128128,
    "x_command_far": -65.70440489278256,
    "y_command_far": -275.52102698685826,
    "command_far": 4,
    "x_command_near": -14.011780909930327,
    "y_command_near": -276.0399173684248,
    "command_near": 3,
    "should_brake": true,
    "x_target": -14.011780909930327,
    "y_target": -276.0399173684248,
    "target_command": 4
}