{
    "x": -16.870392728654984,
    "y": -276.14297522989347,
    "theta": 3.1035749912261963,
    "speed": 14.445768912654247,
    "x_command_far": -65.70440489278256,
    "y_command_far": -275.52102698685826,
    "command_far": 4,
    "x_command_near": -21.704666014905442,
    "y_command_near": -275.96933021012546,
    "command_near": 4,
    "should_brake": true,
    "x_target": -65.70440489278256,
    "y_target": -275.52102698685826,
    "target_command": 4
}