{
    "x": -24.22235602492036,
    "y": -275.99157752460894,
    "theta": 3.1490540504455566,
    "speed": 14.951405129006776,
    "x_command_far": -65.70440489278256,
    "y_command_far": -275.52102698685826,
    "command_far": 4,
    "x_command_near": -28.704625296836987,
    "y_command_near": -275.89801062995014,
    "command_near": 4,
    "should_brake": false,
    "x_target": -65.70440489278256,
    "y_target": -275.52102698685826,
    "target_command": 4
}