{
    "x": -31.761900421249898,
    "y": -276.07757605988246,
    "theta": 3.120482921600342,
    "speed": 14.95755916813253,
    "x_command_far": -65.70440489278256,
    "y_command_far": -275.52102698685826,
    "command_far": 4,
    "x_command_near": -36.70457903536469,
    "y_command_near": -275.8164981786672,
    "command_near": 4,
    "should_brake": false,
    "x_target": -65.70440489278256,
    "y_target": -275.52102698685826,
    "target_command": 4
}