{
    "x": -39.159079491969294,
    "y": -275.9299014991343,
    "theta": 3.1472556591033936,
    "speed": 14.866943880611752,
    "x_command_far": -65.70440489278256,
    "y_command_far": -275.52102698685826,
    "command_far": 4,
    "x_command_near": -43.7045383141322,
    "y_command_near": -275.74517859849186,
    "command_near": 4,
    "should_brake": false,
    "x_target": -65.70440489278256,
    "y_target": -275.52102698685826,
    "target_command": 4
}