{
    "x": -46.69094645711112,
    "y": -275.8479007666006,
    "theta": 3.1183359622955322,
    "speed": 15.084352021954377,
    "x_command_far": -65.70440489278256,
    "y_command_far": -275.52102698685826,
    "command_far": 4,
    "x_command_near": -50.70449378023679,
    "y_command_near": -275.67385901831653,
    "command_near": 4,
    "should_brake": false,
    "x_target": -65.70440489278256,
    "y_target": -275.52102698685826,
    "target_command": 4
}