{
    "x": -54.11788153789007,
    "y": -275.7170108738441,
    "theta": 3.1295626163482666,
    "speed": 14.824413076729604,
    "x_command_far": -65.70440489278256,
    "y_command_far": -275.52102698685826,
    "command_far": 4,
    "x_command_near": -58.704449423513935,
    "y_command_near": -275.59234656703353,
    "command_near": 4,
    "should_brake": false,
    "x_target": -65.70440489278256,
    "y_target": -275.52102698685826,
    "target_command": 4
}