{
    "x": -61.63893333726825,
    "y": -275.71923865705025,
    "theta": 3.169039726257324,
    "speed": 15.190460656549867,
    "x_command_far": -94.7935254706016,
    "y_command_far": -240.34873995161436,
    "command_far": 4,
    "x_command_near": -65.70440489278256,
    "y_command_near": -275.52102698685826,
    "command_near": 4,
    "should_brake": false,
    "x_target": -65.70440489278256,
    "y_target": -275.52102698685826,
    "target_command": 4
}