{
    "x": -69.10248737799071,
    "y": -275.704712289843,
    "theta": 3.062340021133423,
    "speed": 14.748316584572473,
    "x_command_far": -94.7935254706016,
    "y_command_far": -240.34873995161436,
    "command_far": 4,
    "x_command_near": -73.58010250538103,
    "y_command_near": -275.11611975974387,
    "command_near": 4,
    "should_brake": false,
    "x_target": -94.7935254706016,
    "y_target": -240.34873995161436,
    "target_command": 4
}