{
    "x": -88.01192568096816,
    "y": -266.03485143681934,
    "theta": 2.178084135055542,
    "speed": 14.593094675326775,
    "x_command_far": -94.7935254706016,
    "y_command_far": -240.34873995161436,
    "command_far": 4,
    "x_command_near": -90.11182991902884,
    "y_command_near": -261.83105504437094,
    "command_near": 4,
    "should_brake": false,
    "x_target": -94.7935254706016,
    "y_target": -240.34873995161436,
    "target_command": 4
}