{
    "x": -93.24055951351792,
    "y": -252.34837375703214,
    "theta": 1.8653478622436523,
    "speed": 15.098542701385984,
    "x_command_far": -94.7935254706016,
    "y_command_far": -240.34873995161436,
    "command_far": 4,
    "x_command_near": -94.15834155585848,
    "y_command_near": -248.06486545041255,
    "command_near": 4,
    "should_brake": false,
    "x_target": -94.7935254706016,
    "y_target": -240.34873995161436,
    "target_command": 4
}