{
    "x": -94.9671098009723,
    "y": -245.09410128620718,
    "theta": 1.6319669485092163,
    "speed": 14.669093571670246,
    "x_command_far": -94.82930897484918,
    "y_command_far": -211.29798917959684,
    "command_far": 4,
    "x_command_near": -94.7935254706016,
    "y_command_near": -240.34873995161436,
    "command_near": 4,
    "should_brake": false,
    "x_target": -94.7935254706016,
    "y_target": -240.34873995161436,
    "target_command": 4
}