{
    "x": -94.73276980887904,
    "y": -237.90780672074834,
    "theta": 1.525726079940796,
    "speed": 14.230359901307336,
    "x_command_far": -94.82930897484918,
    "y_command_far": -211.29798917959684,
    "command_far": 4,
    "x_command_near": -94.80413844657889,
    "y_command_near": -233.29797395079333,
    "command_near": 4,
    "should_brake": false,
    "x_target": -94.82930897484918,
    "y_target": -211.29798917959684,
    "target_command": 4
}