{
    "x": -95.09144412920595,
    "y": -230.7394870088296,
    "theta": 1.624343752861023,
    "speed": 14.51676103327532,
    "x_command_far": -94.82930897484918,
    "y_command_far": -211.29798917959684,
    "command_far": 4,
    "x_command_near": -94.81214967877868,
    "y_command_near": -226.29798920004157,
    "command_near": 4,
    "should_brake": false,
    "x_target": -94.82930897484918,
    "y_target": -211.29798917959684,
    "target_command": 4
}