{
    "x": -94.7569561021704,
    "y": -223.4122164910302,
    "theta": 1.5100059509277344,
    "speed": 14.820450780084979,
    "x_command_far": -94.82930897484918,
    "y_command_far": -211.29798917959684,
    "command_far": 4,
    "x_command_near": -94.82015328090657,
    "y_command_near": -219.2979891905007,
    "command_near": 4,
    "should_brake": false,
    "x_target": -94.82930897484918,
    "y_target": -211.29798917959684,
    "target_command": 4
}