{
    "x": -95.03922615407824,
    "y": -215.95538359512446,
    "theta": 1.6326625347137451,
    "speed": 14.890054952741357,
    "x_command_far": -94.82930897484918,
    "y_command_far": -211.29798917959684,
    "command_far": 4,
    "x_command_near": -94.82930897484918,
    "y_command_near": -211.29798917959684,
    "command_near": 4,
    "should_brake": false,
    "x_target": -94.82930897484918,
    "y_target": -211.29798917959684,
    "target_command": 4
}