{
    "x": 95.20102252802322,
    "y": -200.6073458544788,
    "theta": 4.716319561004639,
    "speed": 1.1801845166754539,
    "x_command_far": 91.74170370554687,
    "y_command_far": -252.20585666699412,
    "command_far": 4,
    "x_command_near": 95.20769092452079,
    "y_command_near": -205.4818270622945,
    "command_near": 4,
    "should_brake": false,
    "x_target": 91.74170370554687,
    "y_target": -252.20585666699412,
    "target_command": 4
}