{
    "x": 95.21068178614516,
    "y": -202.11167935262296,
    "theta": 4.714569091796875,
    "speed": 4.127478427114046,
    "x_command_far": 91.74170370554687,
    "y_command_far": -252.20585666699412,
    "command_far": 4,
    "x_command_near": 95.20920161547679,
    "y_command_near": -206.4818270636575,
    "command_near": 4,
    "should_brake": false,
    "x_target": 91.74170370554687,
    "y_target": -252.20585666699412,
    "target_command": 4
}