{
    "x": 95.36468056199354,
    "y": -228.02471954907475,
    "theta": 4.714167594909668,
    "speed": 9.693762485364058,
    "x_command_far": 91.74170370554687,
    "y_command_far": -252.20585666699412,
    "command_far": 4,
    "x_command_near": 95.24836509761359,
    "y_command_near": -232.48179658151685,
    "command_near": 4,
    "should_brake": false,
    "x_target": 91.74170370554687,
    "y_target": -252.20585666699412,
    "target_command": 4
}