{
    "x": 95.3370532549838,
    "y": -233.12803681677266,
    "theta": 4.69651985168457,
    "speed": 10.615271629928083,
    "x_command_far": 91.74170370554687,
    "y_command_far": -252.20585666699412,
    "command_far": 4,
    "x_command_near": 95.20553933600132,
    "y_command_near": -237.74504121759682,
    "command_near": 4,
    "should_brake": false,
    "x_target": 91.74170370554687,
    "y_target": -252.20585666699412,
    "target_command": 4
}