{
    "x": 95.29029817719966,
    "y": -238.63107332329665,
    "theta": 4.712308406829834,
    "speed": 11.362413339245304,
    "x_command_far": 91.74170370554687,
    "y_command_far": -252.20585666699412,
    "command_far": 4,
    "x_command_near": 94.51493295514899,
    "y_command_near": -243.4508670310378,
    "command_near": 4,
    "should_brake": false,
    "x_target": 91.74170370554687,
    "y_target": -252.20585666699412,
    "target_command": 4
}