{
    "x": 70.80488189402332,
    "y": -272.84207190508187,
    "theta": 3.505915880203247,
    "speed": 14.221371157276216,
    "x_command_far": 49.09941284845903,
    "y_command_far": -275.42697181094877,
    "command_far": 4,
    "x_command_near": 66.32065940596458,
    "y_command_near": -274.06942786378596,
    "command_near": 4,
    "should_brake": false,
    "x_target": 49.09941284845903,
    "y_target": -275.42697181094877,
    "target_command": 4
}