{
    "x": 63.88637014446603,
    "y": -274.8491214683643,
    "theta": 3.289647102355957,
    "speed": 14.61476202629632,
    "x_command_far": 49.09941284845903,
    "y_command_far": -275.42697181094877,
    "command_far": 4,
    "x_command_near": 59.47920808095164,
    "y_command_near": -275.2496036466445,
    "command_near": 4,
    "should_brake": false,
    "x_target": 49.09941284845903,
    "y_target": -275.42697181094877,
    "target_command": 4
}