{
    "x": 27.29088501971003,
    "y": -275.609650033854,
    "theta": 3.114331007003784,
    "speed": 14.620995592093273,
    "x_command_far": 11.28737821483189,
    "y_command_far": -275.7092288914116,
    "command_far": 3,
    "x_command_near": 23.098910385713364,
    "y_command_near": -275.61611976042536,
    "command_near": 4,
    "should_brake": false,
    "x_target": 11.28737821483189,
    "y_target": -275.7092288914116,
    "target_command": 3
}