{
    "x": 12.487050730800819,
    "y": -275.6609806003302,
    "theta": 3.2242209911346436,
    "speed": 14.392455935517278,
    "x_command_far": -14.011780909930327,
    "y_command_far": -276.0399173684248,
    "command_far": 4,
    "x_command_near": 8.319111698152964,
    "y_command_near": -275.7557376805375,
    "command_near": 3,
    "should_brake": true,
    "x_target": -14.011780909930327,
    "y_target": -276.0399173684248,
    "target_command": 4
}