{
    "x": -1.7028681579270804,
    "y": -276.10757483922015,
    "theta": 3.157820463180542,
    "speed": 14.434506265560856,
    "x_command_far": -14.011780909930327,
    "y_command_far": -276.0399173684248,
    "command_far": 4,
    "x_command_near": -5.715340522098419,
    "y_command_near": -276.01019324729054,
    "command_near": 3,
    "should_brake": true,
    "x_target": -14.011780909930327,
    "y_target": -276.0399173684248,
    "target_command": 4
}