{
    "x": -23.433600599371207,
    "y": -276.0226749367607,
    "theta": 3.1335842609405518,
    "speed": 13.682387839614705,
    "x_command_far": -65.70440489278256,
    "y_command_far": -275.52102698685826,
    "command_far": 4,
    "x_command_near": -27.70463274815431,
    "y_command_near": -275.9082035010578,
    "command_near": 4,
    "should_brake": false,
    "x_target": -65.70440489278256,
    "y_target": -275.52102698685826,
    "target_command": 4
}