{
    "x": -30.30775682671756,
    "y": -275.99334754414264,
    "theta": 3.1599507331848145,
    "speed": 13.95661121996847,
    "x_command_far": -65.70440489278256,
    "y_command_far": -275.52102698685826,
    "command_far": 4,
    "x_command_near": -34.70459012217238,
    "y_command_near": -275.8368839208825,
    "command_near": 4,
    "should_brake": false,
    "x_target": -65.70440489278256,
    "y_target": -275.52102698685826,
    "target_command": 4
}