{
    "x": -37.43323495689859,
    "y": -275.96487464371313,
    "theta": 3.1080379486083984,
    "speed": 14.535251582885374,
    "x_command_far": -65.70440489278256,
    "y_command_far": -275.52102698685826,
    "command_far": 4,
    "x_command_near": -41.70454940410392,
    "y_command_near": -275.76556434070716,
    "command_near": 4,
    "should_brake": false,
    "x_target": -65.70440489278256,
    "y_target": -275.52102698685826,
    "target_command": 4
}