{
    "x": -44.8401152503444,
    "y": -275.91265906747014,
    "theta": 3.1550228595733643,
    "speed": 14.94909775318543,
    "x_command_far": -65.70440489278256,
    "y_command_far": -275.52102698685826,
    "command_far": 4,
    "x_command_near": -49.70450123313613,
    "y_command_near": -275.6840518894242,
    "command_near": 4,
    "should_brake": false,
    "x_target": -65.70440489278256,
    "y_target": -275.52102698685826,
    "target_command": 4
}