{
    "x": -52.283820507764986,
    "y": -275.78875770011376,
    "theta": 3.120149612426758,
    "speed": 14.97051587240657,
    "x_command_far": -65.70440489278256,
    "y_command_far": -275.52102698685826,
    "command_far": 4,
    "x_command_near": -56.70446051348566,
    "y_command_near": -275.6127323092488,
    "command_near": 4,
    "should_brake": false,
    "x_target": -65.70440489278256,
    "y_target": -275.52102698685826,
    "target_command": 4
}