{
    "x": -59.85127260319502,
    "y": -275.67190589331386,
    "theta": 3.1514194011688232,
    "speed": 15.03025305714291,
    "x_command_far": -94.7935254706016,
    "y_command_far": -240.34873995161436,
    "command_far": 4,
    "x_command_near": -64.70441234409988,
    "y_command_near": -275.5312198579658,
    "command_near": 4,
    "should_brake": false,
    "x_target": -65.70440489278256,
    "y_target": -275.52102698685826,
    "target_command": 4
}