{
    "x": -67.24411035284402,
    "y": -275.87088050296006,
    "theta": 3.1185367107391357,
    "speed": 14.749621824768232,
    "x_command_far": -94.7935254706016,
    "y_command_far": -240.34873995161436,
    "command_far": 4,
    "x_command_near": -72.28682255398661,
    "y_command_near": -275.3139347014197,
    "command_near": 4,
    "should_brake": false,
    "x_target": -94.7935254706016,
    "y_target": -240.34873995161436,
    "target_command": 4
}