{
    "x": -74.63550989326505,
    "y": -274.9769901208823,
    "theta": 2.8818905353546143,
    "speed": 15.049228960206817,
    "x_command_far": -94.7935254706016,
    "y_command_far": -240.34873995161436,
    "command_far": 4,
    "x_command_near": -78.57093244032146,
    "y_command_near": -273.57971228694663,
    "command_near": 4,
    "should_brake": false,
    "x_target": -94.7935254706016,
    "y_target": -240.34873995161436,
    "target_command": 4
}