{
    "x": -81.46743548087727,
    "y": -272.2116092577382,
    "theta": 2.5429179668426514,
    "speed": 14.589600101177403,
    "x_command_far": -94.7935254706016,
    "y_command_far": -240.34873995161436,
    "command_far": 4,
    "x_command_near": -85.05043247229797,
    "y_command_near": -269.21881140209655,
    "command_near": 4,
    "should_brake": false,
    "x_target": -94.7935254706016,
    "y_target": -240.34873995161436,
    "target_command": 4
}