{
    "x": -86.93047797142135,
    "y": -267.3841861554554,
    "theta": 2.235225200653076,
    "speed": 14.744496548311146,
    "x_command_far": -94.7935254706016,
    "y_command_far": -240.34873995161436,
    "command_far": 4,
    "x_command_near": -89.62581515344614,
    "y_command_near": -262.8890689618286,
    "command_near": 4,
    "should_brake": false,
    "x_target": -94.7935254706016,
    "y_target": -240.34873995161436,
    "target_command": 4
}