{
    "x": -90.72628381592476,
    "y": -261.0850528460885,
    "theta": 1.8929848670959473,
    "speed": 14.803552155992667,
    "x_command_far": -94.7935254706016,
    "y_command_far": -240.34873995161436,
    "command_far": 4,
    "x_command_near": -92.09901993319181,
    "y_command_near": -256.66778599436475,
    "command_near": 4,
    "should_brake": false,
    "x_target": -94.7935254706016,
    "y_target": -240.34873995161436,
    "target_command": 4
}