{
    "x": -92.8481540896922,
    "y": -253.90849338806478,
    "theta": 1.8558515310287476,
    "speed": 15.098416981404219,
    "x_command_far": -94.7935254706016,
    "y_command_far": -240.34873995161436,
    "command_far": 4,
    "x_command_near": -93.97800489978128,
    "y_command_near": -249.1570285378386,
    "command_near": 4,
    "should_brake": false,
    "x_target": -94.7935254706016,
    "y_target": -240.34873995161436,
    "target_command": 4
}