{
    "x": -94.77913577039836,
    "y": -239.48864778735611,
    "theta": 1.4751808643341064,
    "speed": 14.39017813792531,
    "x_command_far": -94.82930897484918,
    "y_command_far": -211.29798917959684,
    "command_far": 4,
    "x_command_near": -94.80184952151122,
    "y_command_near": -235.29797395351935,
    "command_near": 4,
    "should_brake": false,
    "x_target": -94.82930897484918,
    "y_target": -211.29798917959684,
    "target_command": 4
}