{
    "x": -94.91872195740979,
    "y": -224.79209930541094,
    "theta": 1.4641239643096924,
    "speed": 15.078773911459834,
    "x_command_far": -94.82930897484918,
    "y_command_far": -211.29798917959684,
    "command_far": 4,
    "x_command_near": -94.81900881758172,
    "y_command_near": -220.29798919186368,
    "command_near": 4,
    "should_brake": false,
    "x_target": -94.82930897484918,
    "y_target": -211.29798917959684,
    "target_command": 4
}