{
    "x": -94.92967064231264,
    "y": -217.36236601891716,
    "theta": 1.6676937341690063,
    "speed": 14.765122721217999,
    "x_command_far": -94.82930897484918,
    "y_command_far": -211.29798917959684,
    "command_far": 4,
    "x_command_near": -94.82702004978151,
    "y_command_near": -213.2979891823228,
    "command_near": 4,
    "should_brake": false,
    "x_target": -94.82930897484918,
    "y_target": -211.29798917959684,
    "target_command": 4
}