{
    "x": 95.20625653270181,
    "y": -202.11209133992818,
    "theta": 4.712440013885498,
    "speed": 4.136186638386574,
    "x_command_far": 91.74170370554687,
    "y_command_far": -252.20585666699412,
    "command_far": 4,
    "x_command_near": 95.20920161547679,
    "y_command_near": -206.4818270636575,
    "command_near": 4,
    "should_brake": false,
    "x_target": 91.74170370554687,
    "y_target": -252.20585666699412,
    "target_command": 4
}