{
    "x": 95.20373108964333,
    "y": -204.54812649949847,
    "theta": 4.709888458251953,
    "speed": 5.493230770141948,
    "x_command_far": 91.74170370554687,
    "y_command_far": -252.20585666699412,
    "command_far": 4,
    "x_command_near": 95.2137184250369,
    "y_command_near": -209.48181180895736,
    "command_near": 4,
    "should_brake": false,
    "x_target": 91.74170370554687,
    "y_target": -252.20585666699412,
    "target_command": 4
}