{
    "x": 95.2170602525666,
    "y": -210.75288419838512,
    "theta": 4.713845252990723,
    "speed": 6.647810056816918,
    "x_command_far": 91.74170370554687,
    "y_command_far": -252.20585666699412,
    "command_far": 4,
    "x_command_near": 95.22275967264704,
    "y_command_near": -215.48181181713525,
    "command_near": 4,
    "should_brake": false,
    "x_target": 91.74170370554687,
    "y_target": -252.20585666699412,
    "target_command": 4
}