{
    "x": 95.35795112650274,
    "y": -233.15959199259694,
    "theta": 4.69868278503418,
    "speed": 10.621379647403325,
    "x_command_far": 91.74170370554687,
    "y_command_far": -252.20585666699412,
    "command_far": 4,
    "x_command_near": 95.20553933600132,
    "y_command_near": -237.74504121759682,
    "command_near": 4,
    "should_brake": false,
    "x_target": 91.74170370554687,
    "y_target": -252.20585666699412,
    "target_command": 4
}