{
    "x": 95.26933926826953,
    "y": -238.66549715146854,
    "theta": 4.694485664367676,
    "speed": 11.372392523056007,
    "x_command_far": 91.74170370554687,
    "y_command_far": -252.20585666699412,
    "command_far": 4,
    "x_command_near": 94.51493295514899,
    "y_command_near": -243.4508670310378,
    "command_near": 4,
    "should_brake": false,
    "x_target": 91.74170370554687,
    "y_target": -252.20585666699412,
    "target_command": 4
}