{
    "x": 90.25513942134491,
    "y": -255.57293736005997,
    "theta": 4.198278903961182,
    "speed": 12.332069730927614,
    "x_command_far": 49.09941284845903,
    "y_command_far": -275.42697181094877,
    "command_far": 4,
    "x_command_near": 87.73472177690314,
    "y_command_near": -259.17611729661166,
    "command_near": 4,
    "should_brake": false,
    "x_target": 49.09941284845903,
    "y_target": -275.42697181094877,
    "target_command": 4
}