{
    "x": 48.78189337360652,
    "y": -275.5340885103135,
    "theta": 3.1647493839263916,
    "speed": 14.789841334251108,
    "x_command_far": 11.28737821483189,
    "y_command_far": -275.7092288914116,
    "command_far": 3,
    "x_command_near": 44.099316589070476,
    "y_command_near": -275.46334876412334,
    "command_near": 4,
    "should_brake": false,
    "x_target": 11.28737821483189,
    "y_target": -275.7092288914116,
    "target_command": 3
}