{
    "x": 5.657787922795282,
    "y": -275.9624942726162,
    "theta": 3.1693077087402344,
    "speed": 14.736018320468142,
    "x_command_far": -14.011780909930327,
    "y_command_far": -276.0399173684248,
    "command_far": 4,
    "x_command_near": 1.3222674994663217,
    "y_command_near": -275.88934363775087,
    "command_near": 3,
    "should_brake": true,
    "x_target": -14.011780909930327,
    "y_target": -276.0399173684248,
    "target_command": 4
}