{
    "x": -1.7525007220291624,
    "y": -276.1091007181285,
    "theta": 3.145634174346924,
    "speed": 15.063787367982588,
    "x_command_far": -14.011780909930327,
    "y_command_far": -276.0399173684248,
    "command_far": 4,
    "x_command_near": -6.725828259204299,
    "y_command_near": -276.0211185402742,
    "command_near": 3,
    "should_brake": true,
    "x_target": -14.011780909930327,
    "y_target": -276.0399173684248,
    "target_command": 4
}