{
    "x": -16.17056388954439,
    "y": -276.1565250345994,
    "theta": 3.137566089630127,
    "speed": 14.47665098940645,
    "x_command_far": -65.70440489278256,
    "y_command_far": -275.52102698685826,
    "command_far": 4,
    "x_command_near": -19.704677104877163,
    "y_command_near": -275.9897159523408,
    "command_near": 4,
    "should_brake": true,
    "x_target": -65.70440489278256,
    "y_target": -275.52102698685826,
    "target_command": 4
}