{
    "x": -38.49405564744983,
    "y": -275.94369544446556,
    "theta": 3.118364095687866,
    "speed": 14.803639048291917,
    "x_command_far": -65.70440489278256,
    "y_command_far": -275.52102698685826,
    "command_far": 4,
    "x_command_near": -42.70454576703154,
    "y_command_near": -275.75537146959954,
    "command_near": 4,
    "should_brake": false,
    "x_target": -65.70440489278256,
    "y_target": -275.52102698685826,
    "target_command": 4
}