{
    "x": -53.475670627508116,
    "y": -275.7525943699863,
    "theta": 3.1142611503601074,
    "speed": 14.722574124945314,
    "x_command_far": -65.70440489278256,
    "y_command_far": -275.52102698685826,
    "command_far": 4,
    "x_command_near": -57.704456876413275,
    "y_command_near": -275.6025394381412,
    "command_near": 4,
    "should_brake": false,
    "x_target": -65.70440489278256,
    "y_target": -275.52102698685826,
    "target_command": 4
}