{
    "x": -60.91757526547858,
    "y": -275.6582645358734,
    "theta": 3.1548125743865967,
    "speed": 15.091284796520185,
    "x_command_far": -94.7935254706016,
    "y_command_far": -240.34873995161436,
    "command_far": 4,
    "x_command_near": -65.70440489278256,
    "y_command_near": -275.52102698685826,
    "command_near": 4,
    "should_brake": false,
    "x_target": -65.70440489278256,
    "y_target": -275.52102698685826,
    "target_command": 4
}