{
    "x": -82.37334564232924,
    "y": -271.60800207918106,
    "theta": 2.4933176040649414,
    "speed": 14.685767050051393,
    "x_command_far": -94.7935254706016,
    "y_command_far": -240.34873995161436,
    "command_far": 4,
    "x_command_near": -85.96378163270528,
    "y_command_near": -268.2820743402729,
    "command_near": 4,
    "should_brake": false,
    "x_target": -94.7935254706016,
    "y_target": -240.34873995161436,
    "target_command": 4
}