{
    "x": -87.62289260654175,
    "y": -266.60379064657917,
    "theta": 2.186863660812378,
    "speed": 14.574470011108074,
    "x_command_far": -94.7935254706016,
    "y_command_far": -240.34873995161436,
    "command_far": 4,
    "x_command_near": -89.62581515344614,
    "y_command_near": -262.8890689618286,
    "command_near": 4,
    "should_brake": false,
    "x_target": -94.7935254706016,
    "y_target": -240.34873995161436,
    "target_command": 4
}