{
    "x": -91.00405231841627,
    "y": -260.1566165655262,
    "theta": 1.878180742263794,
    "speed": 14.74377666988482,
    "x_command_far": -94.7935254706016,
    "y_command_far": -240.34873995161436,
    "command_far": 4,
    "x_command_near": -92.43276787489316,
    "y_command_near": -255.6123660710512,
    "command_near": 4,
    "should_brake": false,
    "x_target": -94.7935254706016,
    "y_target": -240.34873995161436,
    "target_command": 4
}