{
    "x": -93.15163483182882,
    "y": -252.99415622861545,
    "theta": 1.8450329303741455,
    "speed": 15.162195401914772,
    "x_command_far": -94.7935254706016,
    "y_command_far": -240.34873995161436,
    "command_far": 4,
    "x_command_near": -94.15834155585848,
    "y_command_near": -248.06486545041255,
    "command_near": 4,
    "should_brake": false,
    "x_target": -94.7935254706016,
    "y_target": -240.34873995161436,
    "target_command": 4
}