{
    "x": -95.06077255323257,
    "y": -231.12341340095446,
    "theta": 1.620540738105774,
    "speed": 14.757592882495032,
    "x_command_far": -94.82930897484918,
    "y_command_far": -211.29798917959684,
    "command_far": 4,
    "x_command_near": -94.81214967877868,
    "y_command_near": -226.29798920004157,
    "command_near": 4,
    "should_brake": false,
    "x_target": -94.82930897484918,
    "y_target": -211.29798917959684,
    "target_command": 4
}