{
    "x": 95.19913035245631,
    "y": -200.53530911121658,
    "theta": 4.713530540466309,
    "speed": 2.8883263484904604e-05,
    "x_command_far": 91.74170370554687,
    "y_command_far": -252.20585666699412,
    "command_far": 4,
    "x_command_near": 95.20769092452079,
    "y_command_near": -205.4818270622945,
    "command_near": 4,
    "should_brake": false,
    "x_target": 91.74170370554687,
    "y_target": -252.20585666699412,
    "target_command": 4
}