{
    "x": 86.6663667138708,
    "y": -260.8688358047782,
    "theta": 4.045671463012695,
    "speed": 12.888703788557804,
    "x_command_far": 49.09941284845903,
    "y_command_far": -275.42697181094877,
    "command_far": 4,
    "x_command_near": 83.24383852400072,
    "y_command_near": -264.4190372256326,
    "command_near": 4,
    "should_brake": false,
    "x_target": 49.09941284845903,
    "y_target": -275.42697181094877,
    "target_command": 4
}