{
    "x": 70.53380467982713,
    "y": -272.9732974911982,
    "theta": 3.4923558235168457,
    "speed": 14.258677270292162,
    "x_command_far": 49.09941284845903,
    "y_command_far": -275.42697181094877,
    "command_far": 4,
    "x_command_near": 66.32065940596458,
    "y_command_near": -274.06942786378596,
    "command_near": 4,
    "should_brake": false,
    "x_target": 49.09941284845903,
    "y_target": -275.42697181094877,
    "target_command": 4
}