{
    "x": 33.92225894347607,
    "y": -275.6666263522911,
    "theta": 3.1443333625793457,
    "speed": 14.126348410328989,
    "x_command_far": 11.28737821483189,
    "y_command_far": -275.7092288914116,
    "command_far": 3,
    "x_command_near": 29.09902589824525,
    "y_command_near": -275.5724796236471,
    "command_near": 4,
    "should_brake": true,
    "x_target": 11.28737821483189,
    "y_target": -275.7092288914116,
    "target_command": 3
}