{
    "x": 12.888382955904191,
    "y": -275.7349246922279,
    "theta": 3.21461820602417,
    "speed": 14.608200743661577,
    "x_command_far": -14.011780909930327,
    "y_command_far": -276.0399173684248,
    "command_far": 4,
    "x_command_near": 8.319111698152964,
    "y_command_near": -275.7557376805375,
    "command_near": 3,
    "should_brake": true,
    "x_target": -14.011780909930327,
    "y_target": -276.0399173684248,
    "target_command": 4
}