{
    "x": -9.155783829704351,
    "y": -276.196197886216,
    "theta": 3.169294834136963,
    "speed": 14.040023752178612,
    "x_command_far": -65.70440489278256,
    "y_command_far": -275.52102698685826,
    "command_far": 4,
    "x_command_near": -14.011780909930327,
    "y_command_near": -276.0399173684248,
    "command_near": 3,
    "should_brake": true,
    "x_target": -14.011780909930327,
    "y_target": -276.0399173684248,
    "target_command": 4
}