{
    "x": -16.217179726030896,
    "y": -276.2107242534233,
    "theta": 3.117337226867676,
    "speed": 14.314554156305265,
    "x_command_far": -65.70440489278256,
    "y_command_far": -275.52102698685826,
    "command_far": 4,
    "x_command_near": -19.704677104877163,
    "y_command_near": -275.9897159523408,
    "command_near": 4,
    "should_brake": true,
    "x_target": -65.70440489278256,
    "y_target": -275.52102698685826,
    "target_command": 4
}