{
    "x": -45.97507417446275,
    "y": -275.8810733740677,
    "theta": 3.12243390083313,
    "speed": 15.060486438079321,
    "x_command_far": -65.70440489278256,
    "y_command_far": -275.52102698685826,
    "command_far": 4,
    "x_command_near": -50.70449378023679,
    "y_command_near": -275.67385901831653,
    "command_near": 4,
    "should_brake": false,
    "x_target": -65.70440489278256,
    "y_target": -275.52102698685826,
    "target_command": 4
}