{
    "x": -82.36106175337811,
    "y": -271.59033240142264,
    "theta": 2.5000109672546387,
    "speed": 14.662866816454889,
    "x_command_far": -94.7935254706016,
    "y_command_far": -240.34873995161436,
    "command_far": 4,
    "x_command_near": -85.96378163270528,
    "y_command_near": -268.2820743402729,
    "command_near": 4,
    "should_brake": false,
    "x_target": -94.7935254706016,
    "y_target": -240.34873995161436,
    "target_command": 4
}