{
    "x": -91.03521982533304,
    "y": -260.14724766902907,
    "theta": 1.8762611150741577,
    "speed": 14.761888305207163,
    "x_command_far": -94.7935254706016,
    "y_command_far": -240.34873995161436,
    "command_far": 4,
    "x_command_near": -92.43276787489316,
    "y_command_near": -255.6123660710512,
    "command_near": 4,
    "should_brake": false,
    "x_target": -94.7935254706016,
    "y_target": -240.34873995161436,
    "target_command": 4
}