{
    "x": -94.79061090653221,
    "y": -245.71472201459216,
    "theta": 1.6475225687026978,
    "speed": 14.676031122376493,
    "x_command_far": -94.82930897484918,
    "y_command_far": -211.29798917959684,
    "command_far": 4,
    "x_command_near": -94.7702700081139,
    "y_command_near": -241.45544466503682,
    "command_near": 4,
    "should_brake": false,
    "x_target": -94.7935254706016,
    "y_target": -240.34873995161436,
    "target_command": 4
}