{
    "x": -95.0932218616044,
    "y": -231.26530488064006,
    "theta": 1.6190325021743774,
    "speed": 14.683300411415763,
    "x_command_far": -94.82930897484918,
    "y_command_far": -211.29798917959684,
    "command_far": 4,
    "x_command_near": -94.81214967877868,
    "y_command_near": -226.29798920004157,
    "command_near": 4,
    "should_brake": false,
    "x_target": -94.82930897484918,
    "y_target": -211.29798917959684,
    "target_command": 4
}