{
    "x": -94.99311197227557,
    "y": -216.3816989033227,
    "theta": 1.6502950191497803,
    "speed": 14.74623914149897,
    "x_command_far": -94.82930897484918,
    "y_command_far": -211.29798917959684,
    "command_far": 4,
    "x_command_near": -94.82816451468838,
    "y_command_near": -212.29798918095983,
    "command_near": 4,
    "should_brake": false,
    "x_target": -94.82930897484918,
    "y_target": -211.29798917959684,
    "target_command": 4
}